{"options":{"check_for_updates":true,"comment":null,"compatopts_for_requires":true,"compat_wrappedjsobject":false,"compat_metadata":false,"compat_foreach":false,"compat_arrayleft":false,"compat_uW_gmonkey":false,"compat_forvarin":false,"noframes":null,"awareOfChrome":false,"run_at":null,"override":{"use_includes":[],"orig_includes":["*.t66y.*","*/*.t66y.com/*"],"merge_includes":true,"use_matches":[],"orig_matches":["http://*/*"],"merge_matches":true,"use_excludes":[],"orig_excludes":[],"merge_excludes":true,"use_connects":[],"merge_connects":true,"use_blockers":[],"orig_run_at":"document-idle","orig_noframes":null,"orig_connects":[]}},"settings":{"enabled":true,"position":9},"meta":{"name":"1024去60秒","uuid":"c8cb079a-2d08-4c64-aad7-1f5bc5b3f854","modified":1545223255651,"file_url":"https://greasyfork.org/scripts/375620-1024%E5%8E%BB60%E7%A7%92/code/1024%E5%8E%BB60%E7%A7%92.user.js"}}