{"options":{"awareOfChrome":false,"check_for_updates":true,"comment":null,"compat_arrayleft":false,"compat_foreach":false,"compat_forvarin":false,"compat_metadata":true,"compat_uW_gmonkey":false,"compat_wrappedjsobject":false,"compatopts_for_requires":true,"noframes":null,"override":{"merge_connects":true,"merge_excludes":true,"merge_includes":true,"merge_matches":true,"orig_connects":[],"orig_excludes":[],"orig_includes":[],"orig_matches":["*://pan.baidu.com/disk/home*","*://yun.baidu.com/disk/home*","*://pan.baidu.com/s/*","*://yun.baidu.com/s/*","*://pan.baidu.com/share/link?*","*://yun.baidu.com/share/link?*","*://eyun.baidu.com/s/*","*://eyun.baidu.com/enterprise/share/link?*"],"orig_noframes":null,"orig_run_at":"document-end","use_blockers":[],"use_connects":[],"use_excludes":[],"use_includes":[],"use_matches":[]},"run_at":null},"settings":{"enabled":true,"position":1},"meta":{"name":"EX-百度云盘","uuid":"d1756a9c-412b-4b52-8bed-b43718243c55","modified":1538736375546,"file_url":"https://greasyfork.org/scripts/26638-ex-%E7%99%BE%E5%BA%A6%E4%BA%91%E7%9B%98/code/EX-%E7%99%BE%E5%BA%A6%E4%BA%91%E7%9B%98.user.js"}}