{"options":{"awareOfChrome":false,"check_for_updates":true,"comment":null,"compat_arrayleft":false,"compat_foreach":false,"compat_forvarin":false,"compat_metadata":false,"compat_uW_gmonkey":false,"compat_wrappedjsobject":false,"compatopts_for_requires":true,"noframes":null,"override":{"merge_connects":true,"merge_excludes":true,"merge_includes":true,"merge_matches":true,"orig_connects":[],"orig_excludes":[],"orig_includes":[],"orig_matches":["*://v.youku.com/v_show/*","*://*.iqiyi.com/v_*","*://*.iqiyi.com/dianying/*","*://*.le.com/ptv/vplay/*","*://v.qq.com/x/cover/*","*://v.qq.com/x/page/*","*://*.tudou.com/listplay/*","*://*.tudou.com/albumplay/*","*://*.tudou.com/programs/view/*","*://*.mgtv.com/b/*","*://film.sohu.com/album/*","*://*.acfun.cn/v/*","*://*.bilibili.com/video/*","*://*.bilibili.com/anime/*","*://vip.pptv.com/show/*","*://v.yinyuetai.com/video/*","*://v.yinyuetai.com/playlist/*","*://*.wasu.cn/Play/show/*"],"orig_noframes":null,"orig_run_at":"document-end","use_blockers":[],"use_connects":[],"use_excludes":[],"use_includes":[],"use_matches":[]},"run_at":null},"settings":{"enabled":true,"position":4},"meta":{"name":"VIP视频在线解析破解去广告（全网）2018.11.13更新可用","uuid":"7234aa0f-f172-439c-a243-e736a1d7c693","modified":1542198770248,"file_url":"https://greasyfork.org/scripts/35848-vip%E8%A7%86%E9%A2%91%E5%9C%A8%E7%BA%BF%E8%A7%A3%E6%9E%90%E7%A0%B4%E8%A7%A3%E5%8E%BB%E5%B9%BF%E5%91%8A-%E5%85%A8%E7%BD%91-2018-9-9%E6%9B%B4%E6%96%B0%E5%8F%AF%E7%94%A8/code/VIP%E8%A7%86%E9%A2%91%E5%9C%A8%E7%BA%BF%E8%A7%A3%E6%9E%90%E7%A0%B4%E8%A7%A3%E5%8E%BB%E5%B9%BF%E5%91%8A%EF%BC%88%E5%85%A8%E7%BD%91%EF%BC%89201899%E6%9B%B4%E6%96%B0%E5%8F%AF%E7%94%A8.user.js"}}