{"data":{"rwl_userData":"o{\"status\":1,\"version\":0.1,\"message\":\"啦啦啦,啦啦啦,我是卖报的小行家\",\"positionTop\":55,\"positionLeft\":0,\"positionRight\":\"auto\",\"addBtn\":true,\"connectToTheServer\":true,\"waitUpload\":[],\"currentURL\":\"https://smccis.smc.edu/smcweb/f?p=420181023:10:13561458830776::NO:107::\",\"rules\":{\"rule_def\":{\"name\":\"default\",\"hook_eventNames\":\"contextmenu|select|selectstart|copy|cut|dragstart|mousemove|beforeunload\",\"unhook_eventNames\":\"mousedown|mouseup|keydown|keyup\",\"dom0\":true,\"hook_addEventListener\":true,\"hook_preventDefault\":true,\"hook_set_returnValue\":true,\"add_css\":true},\"rule_plus\":{\"name\":\"default\",\"hook_eventNames\":\"contextmenu|select|selectstart|copy|cut|dragstart|mousedown|mouseup|mousemove|beforeunload\",\"unhook_eventNames\":\"keydown|keyup\",\"dom0\":true,\"hook_addEventListener\":true,\"hook_preventDefault\":true,\"hook_set_returnValue\":true,\"add_css\":true},\"rule_zhihu\":{\"name\":\"default\",\"hook_eventNames\":\"contextmenu|select|selectstart|copy|cut|dragstart|mousemove\",\"unhook_eventNames\":\"keydown|keyup\",\"dom0\":true,\"hook_addEventListener\":true,\"hook_preventDefault\":true,\"hook_set_returnValue\":true,\"add_css\":true}},\"data\":[\"80.78.132.88\",\"b.faloo.com\",\"bbs.coocaa.com\",\"book.hjsm.tom.com\",\"book.zhulang.com\",\"book.zongheng.com\",\"chokstick.com\",\"chuangshi.qq.com\",\"city.udn.com\",\"cutelisa55.pixnet.net\",\"drive.google.com\",\"huayu.baidu.com\",\"imac.hk\",\"life.tw\",\"luxmuscles.com\",\"movie.douban.com\",\"news.missevan.com\",\"read.qidian.com\",\"smccis.smc.edu\",\"vipreader.qidian.com\",\"www.15yan.com\",\"www.17k.com\",\"www.18183.com\",\"www.360doc.com\",\"www.365yg.com\",\"www.coco01.net\",\"www.eyu.com\",\"www.hongshu.com\",\"www.hongxiu.com\",\"www.imooc.com\",\"www.jjwxc.net\",\"www.pigai.org\",\"www.ppkao.com\",\"www.readnovel.com\",\"www.ruiwen.com\",\"www.sdifen.com\",\"www.shangc.net\",\"www.sis001.com\",\"www.tadu.com\",\"www.xxsy.net\",\"www.z3z4.com\",\"www.zhihu.com\",\"yuedu.163.com\"]}"},"ts":1544099092832}